match_text,new_text,sound_text,tooltip_text
Afghanistan,阿富汗,āfùhàn,
Albania,阿尔巴尼亚,ā'ěrbāníyǎ,
Algeria,阿尔及利亚,ā'ěrjílìyǎ,
Andorra,安道尔,āndào ěr,
Angola,安哥拉,āngēlā,
Anguilla,安圭拉岛,ān guī lā dǎo,
Antigua & Barbuda,安提瓜和巴布达,ān tí guā hé bā bù dá,
Argentina,阿根廷,āgēntíng,
Armenia,亚美尼亚,yàměiníyǎ,
Australia,澳大利亚,àodàlìyǎ,
Austria,奥地利,àodìlì,
Azerbaijan,阿塞拜疆,āsèbàijiāng,
Bahamas,巴哈马,bāhāmǎ,
Bahrain,巴林,bālín,
Bangladesh,孟加拉国,mèngjiālā guó,
Barbados,巴巴多斯,bābāduōsī,
Belarus,白俄罗斯,bái'èluósī,
Belgium,比利时,bǐlìshí,
Belize,伯利兹,bó lìzī,
Benin,贝宁,bèi níng,
Bermuda,百慕大,bǎimùdà,
Bhutan,不丹,bù dān,
Bolivia,玻利维亚,bōlìwéiyǎ,
Bosnia & Herzegovina,波斯尼亚和黑塞哥维那,bōsīníyǎ hé hēisāigēwéinà,
Botswana,博茨瓦纳,bócíwǎnà,
Brazil,巴西,bāxī,
Brunei Darussalam,文莱达鲁萨兰国,wén lái dá lǔ sà lán guó,
Bulgaria,保加利亚,bǎojiālìyǎ,
Burkina Faso,布基纳法索,bù jī nà fǎ suǒ,
Burundi,布隆迪,bùlóngdí,
Cambodia,柬埔寨,jiǎnpǔzhài,
Cameroon,喀麦隆,kāmàilóng,
Canada,加拿大,jiānádà,
Cape Verde,佛得角,fú dé jiǎo,
Cayman Islands,开曼群岛,kāi màn qúndǎo,
Central African Republic,中非共和国,zhōng fēi gònghéguó,
Chad,乍得,zhàdé,
Chile,智利,zhìlì,
China,中国,zhōngguó,
China - Hong Kong / Macau,中国-香港/澳门,zhōngguó-xiānggǎng/àomén,
Hong Kong,香港,xiānggǎng,
Macau,澳门,àomén,
Colombia,哥伦比亚,gēlúnbǐyǎ,
Comoros,科摩罗,kē mó luó,
Congo,刚果,gāngguǒ,
Democratic Republic of the Congo,刚果民主共和国,gāngguǒ mínzhǔ gònghéguó,
Costa Rica,哥斯达黎加,gēsīdálíjiā,
Croatia,克罗地亚,kèluódìyà,
Cuba,古巴,gǔbā,
Cyprus,塞浦路斯,sāipǔlùsī,
Czech Republic,捷克共和国,jiékè gònghéguó,
Denmark,丹麦,dānmài,
Djibouti,吉布地,jí bùdì,
Dominica,多米尼加,duōmǐníjiā,
Dominican Republic,多明尼加共和国,duō míng ní jiā gònghéguó,
Ecuador,厄瓜多尔,èguāduō'ěr,
Egypt,埃及,āijí,
El Salvador,萨尔瓦多,sà'ěrwǎduō,
Equatorial Guinea,赤道几内亚,chìdào jǐnèiyǎ,
Eritrea,厄立特里亚,èlìtèlǐyǎ,
Estonia,爱沙尼亚,àishāníyǎ,
Eswatini,埃斯瓦蒂尼,āi sī wǎ dì ní,
Ethiopia,埃塞俄比亚,āisāi'ébǐyǎ,
Fiji,斐济,fěijì,
Finland,芬兰,fēnlán,
France,法国,fàguó,
French Guiana,法属圭亚那,fà zhǔ guīyǎnà,
Gabon,加蓬,jiāpéng,
Republic of the Gambia,冈比亚共和国,gāngbǐyǎ gònghéguó,
Gambia,冈比亚,gāngbǐyǎ,
Georgia,佐治亚州,zuǒzhìyà zhōu,
Germany,德国,déguó,
Ghana,加纳,jiānà,
Great Britain,大不列颠,dàbùlièdiān,
United Kingdom,英国,yīngguó,
UK,英国,yīngguó,
Scotland,苏格兰,sūgélán,
Greece,希腊,xīlà,
Grenada,格林纳达,gélínnàdá,
Guadeloupe,瓜德罗普岛,guā dé luó pǔ dǎo,
Guatemala,危地马拉,wēidìmǎlā,
Guinea,几内亚,jǐnèiyǎ,
Guinea-Bissau,几内亚比绍,jǐnèiyǎ bǐ shào,
Guyana,圭亚那,guīyǎnà,
Haiti,海地,hǎidì,
Honduras,洪都拉斯,hóngdūlāsī,
Hungary,匈牙利,xiōngyálì,
Iceland,冰岛,bīngdǎo,
India,印度,yìndù,
Indonesia,印度尼西亚,yìndùníxīyà,
Iran,伊朗,yīlǎng,
Iraq,伊拉克,yīlākè,
Israel and the Occupied Territories,以色列和被占领土,yǐsèliè hé bèi zhàn lǐngtǔ,
Israel,以色列,yǐsèliè,
Italy,意大利,yìdàlì,
Ivory Coast (Cote d'Ivoire),科特迪瓦（科特迪瓦）,kētèdíwǎ (kētèdíwǎ),
Cote d'Ivoire,科特迪瓦,kētèdíwǎ,
Ivory Coast,科特迪瓦,kētèdíwǎ,
Jamaica,牙买加,yámǎijiā,
Japan,日本,rìběn,
Jordan,约旦,yuēdàn,
Kazakhstan,哈萨克斯坦,hāsàkè sītǎn,
Kenya,肯尼亚,kěnníyǎ,
Democratic Republic of North Korea,韩国，朝鲜民主主义人民共和国,hánguó - cháoxiǎn mínzhǔ zhǔyì rénmín gònghéguó,
North Korea,韩国，朝鲜民主主义人民共和国,hánguó - cháoxiǎn mínzhǔ zhǔyì rénmín gònghéguó,
Republic of Korea,大韩民国（韩国）,dàhánmínguó (hánguó),
South Korea,大韩民国（韩国）,dàhánmínguó,
Korea,韩国,hánguó,
Kosovo,科索沃,kēsuǒwò,
Kuwait,科威特,kēwēitè,
Kyrgyz Republic,吉尔吉斯共和国,jí'ěrjísī gònghéguó,
Kyrgyzstan,吉尔吉斯斯坦,jí'ěrjísī sītǎn,
Laos,老挝,lǎowō,
Latvia,拉脱维亚,lātuōwéiyǎ,
Lebanon,黎巴嫩,líbānèn,
Lesotho,莱索托,láisuǒtuō,
Liberia,利比里亚,lìbǐlǐyǎ,
Libya,利比亚,lìbǐyǎ,
Liechtenstein,列支敦士登,lièzhīdūnshìdēng,
Lithuania,立陶宛,lìtáowǎn,
Luxembourg,卢森堡,lúsēnbǎo,
Madagascar,马达加斯加,mǎdájiāsījiā,
Malawi,马拉维,mǎ lā wéi,
Malaysia,马来西亚,mǎláixīyà,
Maldives,马尔代夫,mǎ'ěrdàifū,
Mali,马里,mǎlǐ,
Malta,马耳他,mǎ'ěrtā,
Martinique,马提尼克岛,mǎ tí níkè dǎo,
Mauritania,毛里塔尼亚,máolǐtǎníyǎ,
Mauritius,毛里求斯,máolǐqiúsī,
Mayotte,马约特岛,mǎ yuē tè dǎo,
Mexico,墨西哥,mòxīgē,
Republic of Moldova,摩尔多瓦共和国,mó'ěrduōwǎ gònghéguó,
Moldova,摩尔多瓦,mó'ěrduōwǎ,
Monaco,摩纳哥,mónàgē,
Mongolia,蒙古,ménggǔ,
Montenegro,黑山共和国,hēishān gònghéguó,
Montserrat,蒙特塞拉特,méngtè sè lā tè,
Morocco,摩洛哥,móluògē,
Mozambique,莫桑比克,mòsāngbǐkè,
Myanmar/Burma,缅甸/缅甸,miǎndiàn/miǎndiàn,
Namibia,纳米比亚,nàmǐbǐyǎ,
Nepal,尼泊尔,níbó'ěr,
New Zealand,新西兰,xīnxīlán,
Nicaragua,尼加拉瓜,níjiālāguā,
Niger,尼日尔,nírì'ěr,
Nigeria,奈及利亚,nàijílìyǎ,
Republic of North Macedonia,北马其顿共和国,běi mǎqídùn gònghéguó,
North Macedonia,北马其顿共和国,běi mǎqídùn gònghéguó,
Macedonia,马其顿,mǎqídùn,
Norway,挪威,nuówēi,
Oman,阿曼,āmàn,
Pacific Islands,太平洋群岛,tàipíngyáng qúndǎo,
Pakistan,巴基斯坦,bājīsītǎn,
Panama,巴拿马,bānámǎ,
Papua New Guinea,巴布亚新几内亚,bābùyǎ xīn jǐnèiyǎ,
Paraguay,巴拉圭,bālāguī,
Peru,秘鲁,bìlǔ,
Philippines,菲律宾,fēilǜbīn,
Poland,波兰,bōlán,
Portugal,葡萄牙,pútáoyá,
Puerto Rico,波多黎各,bōduōlígè,
Qatar,卡塔尔,kǎtǎ'ěr,
Reunion,团圆,tuányuán,
Romania,罗马尼亚,luómǎníyǎ,
Russian Federation,俄罗斯联邦,èluósī liánbāng,
Rwanda,卢旺达,lúwàngdá,
Saint Kitts and Nevis,圣基茨和尼维斯,shèng jī cí hé ní wéi sī,
Saint Lucia,圣卢西亚,shèng lú xīyǎ,
Saint Vincent and the Grenadines,圣文森特和格林纳丁斯,shèngwénsēntè hé gélín nà dīng sī,
Samoa,萨摩亚,sàmó yǎ,
Sao Tome and Principe,圣多美和普林西比,shèng duō měihé pǔ lín xī bǐ,
Saudi Arabia,沙特阿拉伯,shātè ālābó,
Senegal,塞内加尔,sàinèijiā'ěr,
Serbia,塞尔维亚,sài'ěrwéiyǎ,
Seychelles,塞舌尔,sāi shé ěr,
Sierra Leone,塞拉利昂,sèlālì'áng,
Singapore,新加坡,xīnjiāpō,
Slovak Republic (Slovakia),斯洛伐克共和国（斯洛伐克）,sīluòfákè gònghéguó (sīluòfákè),
Slovakia,斯洛伐克,sīluòfákè,
Slovenia,斯洛文尼亚,sīluòwénníyǎ,
Solomon Islands,所罗门群岛,suǒluómén qúndǎo,
Somalia,索马里,suǒmǎlǐ,
South Africa,南非,nánfēi,
South Sudan,南苏丹,nán sūdān,
Spain,西班牙,xībānyá,
Sri Lanka,斯里兰卡,sīlǐlánkǎ,
Sudan,苏丹,sūdān,
Suriname,苏里南,sūlǐnán,
Sweden,瑞典,ruìdiǎn,
Switzerland,瑞士,ruìshì,
Syria,叙利亚,xùlìyǎ,
Tajikistan,塔吉克斯坦,tǎjíkè sītǎn,
Tanzania,坦桑尼亚,tǎnsāngníyǎ,
Thailand,泰国,tàiguó,
Netherlands,荷兰,hélán,
Timor Leste,东帝汶,dōngdìwèn,
Togo,多哥,duō gē,
Trinidad & Tobago,特立尼达和多巴哥,tè lì ní dá hé duō bā gē,
Tunisia,突尼斯,túnísī,
Turkey,火鸡,huǒ jī,
Turkmenistan,土库曼斯坦,tǔkùmàn sītǎn,
Turks & Caicos Islands,特克斯和凯科斯群岛,tè kè sī hé kǎi kēsī qúndǎo,
Uganda,乌干达,wūgāndá,
Ukraine,乌克兰,wūkèlán,
United Arab Emirates,阿拉伯联合酋长国,ālābó liánhé qiúzhǎngguó,
United States of America,美利坚合众国（美国）,měilìjiān hézhòngguó (měiguó),
United States,美国,měiguó,
USA,美国,měiguó,
US,美国,měiguó,
Uruguay,乌拉圭,wūlāguī,
Uzbekistan,乌兹别克斯坦,wūzībiékè sītǎn,
Venezuela,委内瑞拉,wěinèiruìlā,
Vietnam,越南,yuènán,
Virgin Islands,维尔京群岛,wéi'ěrjīng qúndǎo,
Yemen,也门,yěmén,
Zambia,赞比亚,zànbǐyǎ,
Zimbabwe,津巴布韦,jīnbābùwéi,
